<TextureAtlas imagePath="nintendo-wii_sheet_double.png">
  <SubTexture name="controller_wii_classic" x="0" y="0" width="128" height="128" />
  <SubTexture name="controller_wii_classic_pro" x="128" y="0" width="128" height="128" />
  <SubTexture name="wii_button_1" x="256" y="0" width="128" height="128" />
  <SubTexture name="wii_button_1_outline" x="384" y="0" width="128" height="128" />
  <SubTexture name="wii_button_2" x="512" y="0" width="128" height="128" />
  <SubTexture name="wii_button_2_outline" x="640" y="0" width="128" height="128" />
  <SubTexture name="wii_button_a" x="768" y="0" width="128" height="128" />
  <SubTexture name="wii_button_a_outline" x="896" y="0" width="128" height="128" />
  <SubTexture name="wii_button_b" x="1024" y="0" width="128" height="128" />
  <SubTexture name="wii_button_b_outline" x="1152" y="0" width="128" height="128" />
  <SubTexture name="wii_button_c" x="0" y="128" width="128" height="128" />
  <SubTexture name="wii_button_c_outline" x="128" y="128" width="128" height="128" />
  <SubTexture name="wii_button_home" x="256" y="128" width="128" height="128" />
  <SubTexture name="wii_button_home_outline" x="384" y="128" width="128" height="128" />
  <SubTexture name="wii_button_l" x="512" y="128" width="128" height="128" />
  <SubTexture name="wii_button_l_outline" x="640" y="128" width="128" height="128" />
  <SubTexture name="wii_button_minus" x="768" y="128" width="128" height="128" />
  <SubTexture name="wii_button_minus_outline" x="896" y="128" width="128" height="128" />
  <SubTexture name="wii_button_plus" x="1024" y="128" width="128" height="128" />
  <SubTexture name="wii_button_plus_outline" x="1152" y="128" width="128" height="128" />
  <SubTexture name="wii_button_power" x="0" y="256" width="128" height="128" />
  <SubTexture name="wii_button_power_outline" x="128" y="256" width="128" height="128" />
  <SubTexture name="wii_button_r" x="256" y="256" width="128" height="128" />
  <SubTexture name="wii_button_r_outline" x="384" y="256" width="128" height="128" />
  <SubTexture name="wii_button_x" x="512" y="256" width="128" height="128" />
  <SubTexture name="wii_button_x_outline" x="640" y="256" width="128" height="128" />
  <SubTexture name="wii_button_y" x="768" y="256" width="128" height="128" />
  <SubTexture name="wii_button_y_outline" x="896" y="256" width="128" height="128" />
  <SubTexture name="wii_button_z" x="1024" y="256" width="128" height="128" />
  <SubTexture name="wii_button_z_outline" x="1152" y="256" width="128" height="128" />
  <SubTexture name="wii_button_zl" x="0" y="384" width="128" height="128" />
  <SubTexture name="wii_button_zl_outline" x="128" y="384" width="128" height="128" />
  <SubTexture name="wii_button_zr" x="256" y="384" width="128" height="128" />
  <SubTexture name="wii_button_zr_outline" x="384" y="384" width="128" height="128" />
  <SubTexture name="wii_controller" x="512" y="384" width="128" height="128" />
  <SubTexture name="wii_controller_diagonal" x="640" y="384" width="128" height="128" />
  <SubTexture name="wii_controller_diagonal_outline" x="768" y="384" width="128" height="128" />
  <SubTexture name="wii_controller_horizontal" x="896" y="384" width="128" height="128" />
  <SubTexture name="wii_controller_horizontal_outline" x="1024" y="384" width="128" height="128" />
  <SubTexture name="wii_controller_nunchuk" x="1152" y="384" width="128" height="128" />
  <SubTexture name="wii_controller_nunchuk_wire" x="0" y="512" width="128" height="128" />
  <SubTexture name="wii_controller_outline" x="128" y="512" width="128" height="128" />
  <SubTexture name="wii_controller_rotate" x="256" y="512" width="128" height="128" />
  <SubTexture name="wii_controller_rotate_outline" x="384" y="512" width="128" height="128" />
  <SubTexture name="wii_controller_vertical" x="512" y="512" width="128" height="128" />
  <SubTexture name="wii_controller_vertical_outline" x="640" y="512" width="128" height="128" />
  <SubTexture name="wii_dpad" x="768" y="512" width="128" height="128" />
  <SubTexture name="wii_dpad_all" x="896" y="512" width="128" height="128" />
  <SubTexture name="wii_dpad_down" x="1024" y="512" width="128" height="128" />
  <SubTexture name="wii_dpad_down_outline" x="1152" y="512" width="128" height="128" />
  <SubTexture name="wii_dpad_horizontal" x="0" y="640" width="128" height="128" />
  <SubTexture name="wii_dpad_horizontal_outline" x="128" y="640" width="128" height="128" />
  <SubTexture name="wii_dpad_left" x="256" y="640" width="128" height="128" />
  <SubTexture name="wii_dpad_left_outline" x="384" y="640" width="128" height="128" />
  <SubTexture name="wii_dpad_none" x="512" y="640" width="128" height="128" />
  <SubTexture name="wii_dpad_right" x="640" y="640" width="128" height="128" />
  <SubTexture name="wii_dpad_right_outline" x="768" y="640" width="128" height="128" />
  <SubTexture name="wii_dpad_up" x="896" y="640" width="128" height="128" />
  <SubTexture name="wii_dpad_up_outline" x="1024" y="640" width="128" height="128" />
  <SubTexture name="wii_dpad_vertical" x="1152" y="640" width="128" height="128" />
  <SubTexture name="wii_dpad_vertical_outline" x="0" y="768" width="128" height="128" />
  <SubTexture name="wii_stick" x="128" y="768" width="128" height="128" />
  <SubTexture name="wii_stick_down" x="256" y="768" width="128" height="128" />
  <SubTexture name="wii_stick_horizontal" x="384" y="768" width="128" height="128" />
  <SubTexture name="wii_stick_l" x="512" y="768" width="128" height="128" />
  <SubTexture name="wii_stick_l_down" x="640" y="768" width="128" height="128" />
  <SubTexture name="wii_stick_l_horizontal" x="768" y="768" width="128" height="128" />
  <SubTexture name="wii_stick_l_left" x="896" y="768" width="128" height="128" />
  <SubTexture name="wii_stick_l_right" x="1024" y="768" width="128" height="128" />
  <SubTexture name="wii_stick_l_up" x="1152" y="768" width="128" height="128" />
  <SubTexture name="wii_stick_l_vertical" x="0" y="896" width="128" height="128" />
  <SubTexture name="wii_stick_left" x="128" y="896" width="128" height="128" />
  <SubTexture name="wii_stick_r" x="256" y="896" width="128" height="128" />
  <SubTexture name="wii_stick_r_down" x="384" y="896" width="128" height="128" />
  <SubTexture name="wii_stick_r_horizontal" x="512" y="896" width="128" height="128" />
  <SubTexture name="wii_stick_r_left" x="640" y="896" width="128" height="128" />
  <SubTexture name="wii_stick_r_right" x="768" y="896" width="128" height="128" />
  <SubTexture name="wii_stick_r_up" x="896" y="896" width="128" height="128" />
  <SubTexture name="wii_stick_r_vertical" x="1024" y="896" width="128" height="128" />
  <SubTexture name="wii_stick_right" x="1152" y="896" width="128" height="128" />
  <SubTexture name="wii_stick_top_l" x="0" y="1024" width="128" height="128" />
  <SubTexture name="wii_stick_top_r" x="128" y="1024" width="128" height="128" />
  <SubTexture name="wii_stick_up" x="256" y="1024" width="128" height="128" />
  <SubTexture name="wii_stick_vertical" x="384" y="1024" width="128" height="128" />
</TextureAtlas>