<TextureAtlas imagePath="nintendo-wiiu_sheet_double.png">
  <SubTexture name="controller_wiiu_pro" x="0" y="0" width="128" height="128" />
  <SubTexture name="wiiu_button_1" x="128" y="0" width="128" height="128" />
  <SubTexture name="wiiu_button_1_outline" x="256" y="0" width="128" height="128" />
  <SubTexture name="wiiu_button_2" x="384" y="0" width="128" height="128" />
  <SubTexture name="wiiu_button_2_outline" x="512" y="0" width="128" height="128" />
  <SubTexture name="wiiu_button_a" x="640" y="0" width="128" height="128" />
  <SubTexture name="wiiu_button_a_outline" x="768" y="0" width="128" height="128" />
  <SubTexture name="wiiu_button_b" x="896" y="0" width="128" height="128" />
  <SubTexture name="wiiu_button_b_outline" x="1024" y="0" width="128" height="128" />
  <SubTexture name="wiiu_button_home" x="0" y="128" width="128" height="128" />
  <SubTexture name="wiiu_button_home_outline" x="128" y="128" width="128" height="128" />
  <SubTexture name="wiiu_button_l" x="256" y="128" width="128" height="128" />
  <SubTexture name="wiiu_button_l_outline" x="384" y="128" width="128" height="128" />
  <SubTexture name="wiiu_button_minus" x="512" y="128" width="128" height="128" />
  <SubTexture name="wiiu_button_minus_outline" x="640" y="128" width="128" height="128" />
  <SubTexture name="wiiu_button_plus" x="768" y="128" width="128" height="128" />
  <SubTexture name="wiiu_button_plus_outline" x="896" y="128" width="128" height="128" />
  <SubTexture name="wiiu_button_power" x="1024" y="128" width="128" height="128" />
  <SubTexture name="wiiu_button_power_outline" x="0" y="256" width="128" height="128" />
  <SubTexture name="wiiu_button_r" x="128" y="256" width="128" height="128" />
  <SubTexture name="wiiu_button_r_outline" x="256" y="256" width="128" height="128" />
  <SubTexture name="wiiu_button_tv" x="384" y="256" width="128" height="128" />
  <SubTexture name="wiiu_button_tv_outline" x="512" y="256" width="128" height="128" />
  <SubTexture name="wiiu_button_x" x="640" y="256" width="128" height="128" />
  <SubTexture name="wiiu_button_x_outline" x="768" y="256" width="128" height="128" />
  <SubTexture name="wiiu_button_y" x="896" y="256" width="128" height="128" />
  <SubTexture name="wiiu_button_y_outline" x="1024" y="256" width="128" height="128" />
  <SubTexture name="wiiu_button_zl" x="0" y="384" width="128" height="128" />
  <SubTexture name="wiiu_button_zl_outline" x="128" y="384" width="128" height="128" />
  <SubTexture name="wiiu_button_zr" x="256" y="384" width="128" height="128" />
  <SubTexture name="wiiu_button_zr_outline" x="384" y="384" width="128" height="128" />
  <SubTexture name="wiiu_controller" x="512" y="384" width="128" height="128" />
  <SubTexture name="wiiu_controller_down" x="640" y="384" width="128" height="128" />
  <SubTexture name="wiiu_controller_down_outline" x="768" y="384" width="128" height="128" />
  <SubTexture name="wiiu_controller_outline" x="896" y="384" width="128" height="128" />
  <SubTexture name="wiiu_controller_up" x="1024" y="384" width="128" height="128" />
  <SubTexture name="wiiu_controller_up_outlnie" x="0" y="512" width="128" height="128" />
  <SubTexture name="wiiu_dpad" x="128" y="512" width="128" height="128" />
  <SubTexture name="wiiu_dpad_all" x="256" y="512" width="128" height="128" />
  <SubTexture name="wiiu_dpad_down" x="384" y="512" width="128" height="128" />
  <SubTexture name="wiiu_dpad_down_outline" x="512" y="512" width="128" height="128" />
  <SubTexture name="wiiu_dpad_horizontal" x="640" y="512" width="128" height="128" />
  <SubTexture name="wiiu_dpad_horizontal_outline" x="768" y="512" width="128" height="128" />
  <SubTexture name="wiiu_dpad_left" x="896" y="512" width="128" height="128" />
  <SubTexture name="wiiu_dpad_left_outline" x="1024" y="512" width="128" height="128" />
  <SubTexture name="wiiu_dpad_none" x="0" y="640" width="128" height="128" />
  <SubTexture name="wiiu_dpad_right" x="128" y="640" width="128" height="128" />
  <SubTexture name="wiiu_dpad_right_outline" x="256" y="640" width="128" height="128" />
  <SubTexture name="wiiu_dpad_up" x="384" y="640" width="128" height="128" />
  <SubTexture name="wiiu_dpad_up_outline" x="512" y="640" width="128" height="128" />
  <SubTexture name="wiiu_dpad_vertical" x="640" y="640" width="128" height="128" />
  <SubTexture name="wiiu_dpad_vertical_outline" x="768" y="640" width="128" height="128" />
  <SubTexture name="wiiu_stick_l" x="896" y="640" width="128" height="128" />
  <SubTexture name="wiiu_stick_l_down" x="1024" y="640" width="128" height="128" />
  <SubTexture name="wiiu_stick_l_horizontal" x="0" y="768" width="128" height="128" />
  <SubTexture name="wiiu_stick_l_left" x="128" y="768" width="128" height="128" />
  <SubTexture name="wiiu_stick_l_right" x="256" y="768" width="128" height="128" />
  <SubTexture name="wiiu_stick_l_up" x="384" y="768" width="128" height="128" />
  <SubTexture name="wiiu_stick_l_vertical" x="512" y="768" width="128" height="128" />
  <SubTexture name="wiiu_stick_r" x="640" y="768" width="128" height="128" />
  <SubTexture name="wiiu_stick_r_down" x="768" y="768" width="128" height="128" />
  <SubTexture name="wiiu_stick_r_horizontal" x="896" y="768" width="128" height="128" />
  <SubTexture name="wiiu_stick_r_left" x="1024" y="768" width="128" height="128" />
  <SubTexture name="wiiu_stick_r_right" x="0" y="896" width="128" height="128" />
  <SubTexture name="wiiu_stick_r_up" x="128" y="896" width="128" height="128" />
  <SubTexture name="wiiu_stick_r_vertical" x="256" y="896" width="128" height="128" />
  <SubTexture name="wiiu_stick_top_l" x="384" y="896" width="128" height="128" />
  <SubTexture name="wiiu_stick_top_r" x="512" y="896" width="128" height="128" />
</TextureAtlas>