<TextureAtlas imagePath="steam-controller_sheet_double.png">
  <SubTexture name="controller_steam" x="0" y="0" width="128" height="128" />
  <SubTexture name="steam_button_a" x="128" y="0" width="128" height="128" />
  <SubTexture name="steam_button_a_outline" x="256" y="0" width="128" height="128" />
  <SubTexture name="steam_button_b" x="384" y="0" width="128" height="128" />
  <SubTexture name="steam_button_b_outline" x="512" y="0" width="128" height="128" />
  <SubTexture name="steam_button_back_icon" x="640" y="0" width="128" height="128" />
  <SubTexture name="steam_button_back_icon_outline" x="768" y="0" width="128" height="128" />
  <SubTexture name="steam_button_color_a" x="896" y="0" width="128" height="128" />
  <SubTexture name="steam_button_color_a_outline" x="1024" y="0" width="128" height="128" />
  <SubTexture name="steam_button_color_b" x="0" y="128" width="128" height="128" />
  <SubTexture name="steam_button_color_b_outline" x="128" y="128" width="128" height="128" />
  <SubTexture name="steam_button_color_x" x="256" y="128" width="128" height="128" />
  <SubTexture name="steam_button_color_x_outline" x="384" y="128" width="128" height="128" />
  <SubTexture name="steam_button_color_y" x="512" y="128" width="128" height="128" />
  <SubTexture name="steam_button_color_y_outline" x="640" y="128" width="128" height="128" />
  <SubTexture name="steam_button_lp" x="768" y="128" width="128" height="128" />
  <SubTexture name="steam_button_lp_outline" x="896" y="128" width="128" height="128" />
  <SubTexture name="steam_button_rp" x="1024" y="128" width="128" height="128" />
  <SubTexture name="steam_button_rp_outline" x="0" y="256" width="128" height="128" />
  <SubTexture name="steam_button_start_icon" x="128" y="256" width="128" height="128" />
  <SubTexture name="steam_button_start_icon_outline" x="256" y="256" width="128" height="128" />
  <SubTexture name="steam_button_x" x="384" y="256" width="128" height="128" />
  <SubTexture name="steam_button_x_outline" x="512" y="256" width="128" height="128" />
  <SubTexture name="steam_button_y" x="640" y="256" width="128" height="128" />
  <SubTexture name="steam_button_y_outline" x="768" y="256" width="128" height="128" />
  <SubTexture name="steam_dpad" x="896" y="256" width="128" height="128" />
  <SubTexture name="steam_dpad_all" x="1024" y="256" width="128" height="128" />
  <SubTexture name="steam_dpad_down" x="0" y="384" width="128" height="128" />
  <SubTexture name="steam_dpad_down_outline" x="128" y="384" width="128" height="128" />
  <SubTexture name="steam_dpad_horizontal" x="256" y="384" width="128" height="128" />
  <SubTexture name="steam_dpad_horizontal_outline" x="384" y="384" width="128" height="128" />
  <SubTexture name="steam_dpad_left" x="512" y="384" width="128" height="128" />
  <SubTexture name="steam_dpad_left_outline" x="640" y="384" width="128" height="128" />
  <SubTexture name="steam_dpad_none" x="768" y="384" width="128" height="128" />
  <SubTexture name="steam_dpad_right" x="896" y="384" width="128" height="128" />
  <SubTexture name="steam_dpad_right_outline" x="1024" y="384" width="128" height="128" />
  <SubTexture name="steam_dpad_up" x="0" y="512" width="128" height="128" />
  <SubTexture name="steam_dpad_up_outline" x="128" y="512" width="128" height="128" />
  <SubTexture name="steam_dpad_vertical" x="256" y="512" width="128" height="128" />
  <SubTexture name="steam_dpad_vertical_outline" x="384" y="512" width="128" height="128" />
  <SubTexture name="steam_lb" x="512" y="512" width="128" height="128" />
  <SubTexture name="steam_lb_outline" x="640" y="512" width="128" height="128" />
  <SubTexture name="steam_lg" x="768" y="512" width="128" height="128" />
  <SubTexture name="steam_lg_outline" x="896" y="512" width="128" height="128" />
  <SubTexture name="steam_lt" x="1024" y="512" width="128" height="128" />
  <SubTexture name="steam_lt_outline" x="0" y="640" width="128" height="128" />
  <SubTexture name="steam_pad" x="128" y="640" width="128" height="128" />
  <SubTexture name="steam_pad_center" x="256" y="640" width="128" height="128" />
  <SubTexture name="steam_pad_down" x="384" y="640" width="128" height="128" />
  <SubTexture name="steam_pad_left" x="512" y="640" width="128" height="128" />
  <SubTexture name="steam_pad_right" x="640" y="640" width="128" height="128" />
  <SubTexture name="steam_pad_up" x="768" y="640" width="128" height="128" />
  <SubTexture name="steam_rb" x="896" y="640" width="128" height="128" />
  <SubTexture name="steam_rb_outline" x="1024" y="640" width="128" height="128" />
  <SubTexture name="steam_rg" x="0" y="768" width="128" height="128" />
  <SubTexture name="steam_rg_outline" x="128" y="768" width="128" height="128" />
  <SubTexture name="steam_rt" x="256" y="768" width="128" height="128" />
  <SubTexture name="steam_rt_outline" x="384" y="768" width="128" height="128" />
  <SubTexture name="steam_stick" x="512" y="768" width="128" height="128" />
  <SubTexture name="steam_stick_down" x="640" y="768" width="128" height="128" />
  <SubTexture name="steam_stick_horizontal" x="768" y="768" width="128" height="128" />
  <SubTexture name="steam_stick_l_press" x="896" y="768" width="128" height="128" />
  <SubTexture name="steam_stick_left" x="1024" y="768" width="128" height="128" />
  <SubTexture name="steam_stick_right" x="0" y="896" width="128" height="128" />
  <SubTexture name="steam_stick_side_l" x="128" y="896" width="128" height="128" />
  <SubTexture name="steam_stick_up" x="256" y="896" width="128" height="128" />
  <SubTexture name="steam_stick_vertical" x="384" y="896" width="128" height="128" />
</TextureAtlas>